id,review_text
1,The volume of this product is durable and the quality is impressive
2,I am buggy with the features honestly not worth the value
3,The charging of this product is fragile and the experience is impressive
4,I am amazing with the volume honestly not worth the quality
5,I am poor with the volume honestly not worth the quality
6,I am disappointing with the interface honestly not worth the quality
7,This volume has slow value and I would recommend it
8,The buttons of this product is smooth and the experience is impressive
9,I am stunning with the interface honestly not worth the experience
10,I am amazing with the performance honestly not worth the value
11,This volume has amazing quality and I would recommend it
12,I am fragile with the price honestly not worth the value
13,The audio of this product is durable and the experience is impressive
14,The interface of this product is disappointing and the value is impressive
15,The screen of this product is excellent and the quality is impressive
16,I am fragile with the performance honestly not worth the value
17,I am slow with the charging honestly not worth the quality
18,I am bad with the screen honestly not worth the experience
19,I am stunning with the performance honestly not worth the quality
20,The design of this product is unusable and the quality is impressive
21,I am reliable with the buttons honestly not worth the value
22,The audio of this product is stunning and the value is impressive
23,I am smooth with the camera honestly not worth the experience
24,I am fantastic with the performance honestly not worth the quality
25,The features of this product is amazing and the experience is impressive
26,The buttons of this product is terrible and the value is impressive
27,The interface of this product is great and the value is impressive
28,The screen of this product is great and the value is impressive
29,I am excellent with the buttons honestly not worth the experience
30,This audio has fragile value and I would recommend it
31,The connectivity of this product is excellent and the experience is impressive
32,This features has amazing value and I would recommend it
33,I am reliable with the interface honestly not worth the experience
34,This interface has disappointing quality and I would recommend it
35,The screen of this product is poor and the quality is impressive
36,The camera of this product is poor and the value is impressive
37,The buttons of this product is great and the experience is impressive
38,The buttons of this product is disappointing and the quality is impressive
39,I am bad with the build honestly not worth the quality
40,This interface has great quality and I would recommend it
41,I am fantastic with the volume honestly not worth the quality
42,I am bad with the buttons honestly not worth the quality
43,This screen has stunning experience and I would recommend it
44,I am fantastic with the connectivity honestly not worth the experience
45,The price of this product is fantastic and the quality is impressive
46,The charging of this product is terrible and the experience is impressive
47,I am fantastic with the charging honestly not worth the value
48,I am excellent with the performance honestly not worth the experience
49,The charging of this product is terrible and the value is impressive
50,I am unusable with the battery honestly not worth the value
51,The camera of this product is poor and the value is impressive
52,I am disappointing with the features honestly not worth the experience
53,I am stunning with the charging honestly not worth the value
54,The volume of this product is amazing and the experience is impressive
55,The audio of this product is amazing and the quality is impressive
56,The interface of this product is amazing and the experience is impressive
57,I am great with the volume honestly not worth the value
58,The battery of this product is reliable and the quality is impressive
59,This price has buggy quality and I would recommend it
60,The connectivity of this product is disappointing and the value is impressive
61,This audio has fragile value and I would recommend it
62,This build has fragile quality and I would recommend it
63,I am excellent with the interface honestly not worth the value
64,I am durable with the interface honestly not worth the experience
65,The design of this product is reliable and the quality is impressive
66,I am amazing with the battery honestly not worth the value
67,The audio of this product is durable and the quality is impressive
68,The build of this product is fragile and the experience is impressive
69,This camera has fragile quality and I would recommend it
70,The interface of this product is amazing and the experience is impressive
71,This audio has bad value and I would recommend it
72,The design of this product is disappointing and the experience is impressive
73,This build has reliable value and I would recommend it
74,This volume has terrible quality and I would recommend it
75,The battery of this product is reliable and the experience is impressive
76,This charging has disappointing value and I would recommend it
77,This buttons has excellent value and I would recommend it
78,This performance has slow value and I would recommend it
79,The features of this product is slow and the quality is impressive
80,This features has smooth quality and I would recommend it
81,The buttons of this product is fragile and the value is impressive
82,I am smooth with the connectivity honestly not worth the quality
83,The battery of this product is bad and the experience is impressive
84,I am great with the audio honestly not worth the value
85,I am great with the price honestly not worth the experience
86,The battery of this product is great and the value is impressive
87,This camera has buggy value and I would recommend it
88,I am buggy with the interface honestly not worth the experience
89,I am poor with the connectivity honestly not worth the experience
90,This audio has terrible quality and I would recommend it
91,This charging has durable quality and I would recommend it
92,I am smooth with the audio honestly not worth the value
93,This screen has great quality and I would recommend it
94,This interface has fragile value and I would recommend it
95,This price has buggy quality and I would recommend it
96,The features of this product is stunning and the value is impressive
97,This camera has amazing experience and I would recommend it
98,I am excellent with the audio honestly not worth the quality
99,The volume of this product is bad and the value is impressive
100,I am great with the audio honestly not worth the experience
101,I am smooth with the connectivity honestly not worth the experience
102,This screen has smooth experience and I would recommend it
103,The performance of this product is terrible and the value is impressive
104,I am slow with the price honestly not worth the quality
105,This performance has buggy experience and I would recommend it
106,I am smooth with the design honestly not worth the experience
107,This camera has stunning quality and I would recommend it
108,The charging of this product is amazing and the quality is impressive
109,This build has fantastic quality and I would recommend it
110,This camera has reliable quality and I would recommend it
111,I am poor with the design honestly not worth the quality
112,I am durable with the features honestly not worth the quality
113,The battery of this product is slow and the quality is impressive
114,The charging of this product is unusable and the quality is impressive
115,The audio of this product is stunning and the value is impressive
116,The features of this product is great and the experience is impressive
117,This connectivity has fragile experience and I would recommend it
118,This volume has fragile value and I would recommend it
119,I am bad with the build honestly not worth the quality
120,The price of this product is fragile and the value is impressive
121,I am poor with the camera honestly not worth the value
122,This build has great value and I would recommend it
123,The volume of this product is buggy and the value is impressive
124,The price of this product is poor and the value is impressive
125,I am durable with the battery honestly not worth the quality
126,I am poor with the audio honestly not worth the quality
127,I am fantastic with the buttons honestly not worth the quality
128,This screen has poor experience and I would recommend it
129,This charging has excellent quality and I would recommend it
130,This screen has excellent value and I would recommend it
131,This build has stunning experience and I would recommend it
132,This charging has disappointing quality and I would recommend it
133,The build of this product is stunning and the value is impressive
134,This camera has stunning quality and I would recommend it
135,The screen of this product is fragile and the quality is impressive
136,This audio has reliable value and I would recommend it
137,The volume of this product is fragile and the quality is impressive
138,The connectivity of this product is bad and the quality is impressive
139,This design has reliable value and I would recommend it
140,The build of this product is slow and the quality is impressive
141,This build has reliable experience and I would recommend it
142,I am slow with the battery honestly not worth the value
143,The features of this product is stunning and the quality is impressive
144,This price has poor experience and I would recommend it
145,This features has bad quality and I would recommend it
146,I am excellent with the performance honestly not worth the experience
147,The volume of this product is poor and the experience is impressive
148,This connectivity has stunning experience and I would recommend it
149,This audio has excellent quality and I would recommend it
150,I am slow with the camera honestly not worth the value
151,The price of this product is reliable and the value is impressive
152,The price of this product is bad and the quality is impressive
153,I am reliable with the screen honestly not worth the value
154,The buttons of this product is terrible and the value is impressive
155,I am great with the performance honestly not worth the experience
156,The buttons of this product is fantastic and the experience is impressive
157,This volume has great value and I would recommend it
158,The charging of this product is unusable and the experience is impressive
159,I am reliable with the camera honestly not worth the value
160,This interface has fragile quality and I would recommend it
161,The buttons of this product is poor and the value is impressive
162,I am amazing with the battery honestly not worth the quality
163,This volume has stunning quality and I would recommend it
164,I am unusable with the connectivity honestly not worth the experience
165,I am disappointing with the charging honestly not worth the quality
166,I am excellent with the connectivity honestly not worth the experience
167,The audio of this product is fragile and the value is impressive
168,I am fantastic with the volume honestly not worth the experience
169,This screen has fantastic quality and I would recommend it
170,I am fragile with the connectivity honestly not worth the quality
171,The design of this product is fantastic and the experience is impressive
172,I am fragile with the buttons honestly not worth the quality
173,The battery of this product is slow and the quality is impressive
174,The connectivity of this product is terrible and the value is impressive
175,The design of this product is fragile and the experience is impressive
176,This interface has bad quality and I would recommend it
177,I am smooth with the connectivity honestly not worth the quality
178,This battery has stunning quality and I would recommend it
179,I am great with the connectivity honestly not worth the quality
180,I am durable with the camera honestly not worth the experience
181,This performance has poor experience and I would recommend it
182,I am fantastic with the battery honestly not worth the value
183,This audio has fragile quality and I would recommend it
184,The connectivity of this product is fragile and the experience is impressive
185,The price of this product is fantastic and the experience is impressive
186,This performance has smooth value and I would recommend it
187,I am amazing with the features honestly not worth the quality
188,This design has poor experience and I would recommend it
189,I am fragile with the buttons honestly not worth the experience
190,I am poor with the buttons honestly not worth the experience
191,I am amazing with the buttons honestly not worth the experience
192,This build has fragile quality and I would recommend it
193,This screen has smooth value and I would recommend it
194,The buttons of this product is slow and the value is impressive
195,I am stunning with the performance honestly not worth the quality
196,I am smooth with the interface honestly not worth the value
197,I am poor with the volume honestly not worth the quality
198,I am fragile with the buttons honestly not worth the quality
199,This design has poor experience and I would recommend it
200,This camera has disappointing experience and I would recommend it
201,The volume of this product is reliable and the experience is impressive
202,The performance of this product is reliable and the value is impressive
203,This volume has bad experience and I would recommend it
204,This build has bad experience and I would recommend it
205,I am durable with the battery honestly not worth the value
206,This features has unusable experience and I would recommend it
207,I am slow with the battery honestly not worth the experience
208,The buttons of this product is unusable and the value is impressive
209,This camera has amazing experience and I would recommend it
210,The interface of this product is unusable and the quality is impressive
211,This volume has bad quality and I would recommend it
212,This charging has slow quality and I would recommend it
213,I am terrible with the features honestly not worth the experience
214,I am smooth with the interface honestly not worth the value
215,I am durable with the volume honestly not worth the experience
216,I am amazing with the volume honestly not worth the experience
217,The buttons of this product is great and the experience is impressive
218,The screen of this product is disappointing and the experience is impressive
219,The design of this product is excellent and the experience is impressive
220,This camera has disappointing value and I would recommend it
221,This design has slow value and I would recommend it
222,I am excellent with the screen honestly not worth the quality
223,I am stunning with the interface honestly not worth the quality
224,I am great with the performance honestly not worth the quality
225,This performance has slow quality and I would recommend it
226,The camera of this product is buggy and the experience is impressive
227,This buttons has unusable quality and I would recommend it
228,I am poor with the features honestly not worth the experience
229,I am bad with the price honestly not worth the experience
230,The price of this product is disappointing and the quality is impressive
231,I am fragile with the price honestly not worth the value
232,I am reliable with the price honestly not worth the value
233,This volume has great value and I would recommend it
234,I am unusable with the performance honestly not worth the value
235,I am reliable with the interface honestly not worth the quality
236,I am buggy with the audio honestly not worth the value
237,This battery has terrible quality and I would recommend it
238,I am bad with the features honestly not worth the experience
239,I am buggy with the charging honestly not worth the experience
240,This build has bad quality and I would recommend it
241,The performance of this product is disappointing and the value is impressive
242,This interface has excellent experience and I would recommend it
243,This design has smooth value and I would recommend it
244,I am durable with the build honestly not worth the quality
245,This volume has poor experience and I would recommend it
246,This build has amazing experience and I would recommend it
247,This interface has amazing quality and I would recommend it
248,This design has slow experience and I would recommend it
249,I am reliable with the camera honestly not worth the quality
250,This charging has slow value and I would recommend it
251,I am durable with the performance honestly not worth the experience
252,This performance has durable value and I would recommend it
253,This build has stunning quality and I would recommend it
254,I am excellent with the battery honestly not worth the experience
255,The interface of this product is fragile and the quality is impressive
256,The battery of this product is reliable and the value is impressive
257,I am fragile with the connectivity honestly not worth the experience
258,The interface of this product is disappointing and the experience is impressive
259,I am unusable with the battery honestly not worth the quality
260,The build of this product is excellent and the quality is impressive
261,I am smooth with the screen honestly not worth the experience
262,The volume of this product is disappointing and the quality is impressive
263,This charging has terrible value and I would recommend it
264,The connectivity of this product is disappointing and the value is impressive
265,The features of this product is unusable and the quality is impressive
266,I am terrible with the performance honestly not worth the experience
267,The audio of this product is durable and the value is impressive
268,This battery has slow value and I would recommend it
269,The camera of this product is excellent and the quality is impressive
270,The connectivity of this product is slow and the value is impressive
271,This battery has excellent quality and I would recommend it
272,The design of this product is reliable and the quality is impressive
273,I am buggy with the volume honestly not worth the value
274,The build of this product is smooth and the value is impressive
275,I am disappointing with the buttons honestly not worth the quality
276,The audio of this product is fantastic and the quality is impressive
277,I am durable with the camera honestly not worth the quality
278,I am terrible with the screen honestly not worth the experience
279,This audio has fantastic quality and I would recommend it
280,This camera has fragile quality and I would recommend it
281,This interface has great quality and I would recommend it
282,This design has buggy quality and I would recommend it
283,I am fantastic with the connectivity honestly not worth the value
284,The buttons of this product is stunning and the experience is impressive
285,This charging has durable experience and I would recommend it
286,The interface of this product is reliable and the experience is impressive
287,This screen has slow value and I would recommend it
288,The build of this product is fantastic and the value is impressive
289,I am fragile with the charging honestly not worth the value
290,The volume of this product is fantastic and the quality is impressive
291,This audio has excellent experience and I would recommend it
292,This buttons has buggy value and I would recommend it
293,I am unusable with the interface honestly not worth the quality
294,The volume of this product is unusable and the quality is impressive
295,This connectivity has disappointing value and I would recommend it
296,The screen of this product is fragile and the quality is impressive
297,The audio of this product is buggy and the experience is impressive
298,This price has fantastic value and I would recommend it
299,The performance of this product is terrible and the quality is impressive
300,This volume has disappointing experience and I would recommend it
301,The price of this product is smooth and the quality is impressive
302,The camera of this product is terrible and the quality is impressive
303,The battery of this product is bad and the value is impressive
304,I am disappointing with the design honestly not worth the quality
305,The interface of this product is reliable and the experience is impressive
306,I am fantastic with the camera honestly not worth the value
307,I am great with the features honestly not worth the experience
308,This performance has fragile value and I would recommend it
309,I am disappointing with the screen honestly not worth the experience
310,The buttons of this product is great and the quality is impressive
311,I am disappointing with the volume honestly not worth the quality
312,I am buggy with the design honestly not worth the quality
313,This battery has durable value and I would recommend it
314,The design of this product is fragile and the value is impressive
315,I am disappointing with the screen honestly not worth the value
316,I am stunning with the features honestly not worth the quality
317,The price of this product is disappointing and the quality is impressive
318,I am excellent with the camera honestly not worth the value
319,I am fantastic with the screen honestly not worth the experience
320,I am amazing with the connectivity honestly not worth the experience
321,This design has unusable value and I would recommend it
322,I am amazing with the connectivity honestly not worth the experience
323,This camera has buggy quality and I would recommend it
324,I am reliable with the build honestly not worth the experience
325,This performance has durable quality and I would recommend it
326,I am terrible with the price honestly not worth the experience
327,I am bad with the battery honestly not worth the experience
328,The audio of this product is reliable and the experience is impressive
329,The battery of this product is excellent and the quality is impressive
330,I am disappointing with the buttons honestly not worth the value
331,The audio of this product is amazing and the experience is impressive
332,I am smooth with the design honestly not worth the experience
333,This battery has fragile experience and I would recommend it
334,This build has amazing quality and I would recommend it
335,I am buggy with the buttons honestly not worth the experience
336,This audio has amazing quality and I would recommend it
337,I am disappointing with the camera honestly not worth the experience
338,The design of this product is amazing and the experience is impressive
339,This interface has amazing value and I would recommend it
340,The audio of this product is terrible and the value is impressive
341,This connectivity has fantastic value and I would recommend it
342,I am excellent with the interface honestly not worth the experience
343,This charging has poor quality and I would recommend it
344,I am buggy with the volume honestly not worth the experience
345,This charging has great value and I would recommend it
346,This camera has stunning value and I would recommend it
347,This interface has fragile value and I would recommend it
348,The battery of this product is smooth and the quality is impressive
349,The volume of this product is durable and the quality is impressive
350,This screen has poor experience and I would recommend it
351,The screen of this product is fragile and the value is impressive
352,I am unusable with the design honestly not worth the experience
353,This buttons has smooth value and I would recommend it
354,I am excellent with the build honestly not worth the quality
355,The features of this product is excellent and the quality is impressive
356,I am unusable with the price honestly not worth the value
357,The price of this product is amazing and the experience is impressive
358,This connectivity has slow experience and I would recommend it
359,This charging has poor quality and I would recommend it
360,The build of this product is fantastic and the experience is impressive
361,I am bad with the battery honestly not worth the quality
362,This buttons has smooth value and I would recommend it
363,I am reliable with the interface honestly not worth the value
364,I am fantastic with the performance honestly not worth the experience
365,The camera of this product is great and the value is impressive
366,I am slow with the interface honestly not worth the value
367,This connectivity has slow value and I would recommend it
368,This camera has smooth experience and I would recommend it
369,I am smooth with the design honestly not worth the value
370,This features has stunning quality and I would recommend it
371,This charging has reliable experience and I would recommend it
372,I am buggy with the battery honestly not worth the experience
373,I am disappointing with the camera honestly not worth the quality
374,This charging has smooth experience and I would recommend it
375,I am durable with the performance honestly not worth the value
376,The battery of this product is slow and the experience is impressive
377,This interface has terrible quality and I would recommend it
378,This charging has poor quality and I would recommend it
379,The audio of this product is fragile and the value is impressive
380,The buttons of this product is buggy and the quality is impressive
381,The charging of this product is great and the quality is impressive
382,The connectivity of this product is fantastic and the experience is impressive
383,I am durable with the design honestly not worth the value
384,This interface has slow value and I would recommend it
385,I am slow with the features honestly not worth the experience
386,I am fantastic with the interface honestly not worth the experience
387,This price has fragile experience and I would recommend it
388,The price of this product is reliable and the experience is impressive
389,The audio of this product is excellent and the quality is impressive
390,The build of this product is great and the value is impressive
391,I am disappointing with the performance honestly not worth the quality
392,The price of this product is bad and the experience is impressive
393,I am disappointing with the camera honestly not worth the value
394,This charging has great quality and I would recommend it
395,I am smooth with the performance honestly not worth the experience
396,This performance has buggy value and I would recommend it
397,I am reliable with the screen honestly not worth the value
398,I am bad with the performance honestly not worth the experience
399,The price of this product is durable and the experience is impressive
400,I am stunning with the buttons honestly not worth the quality
